<?xml version="1.0" encoding="UTF-8" standalone="yes"?>
<addon id="script.pulsar.tankafetast" name="Pulsar TankaFetast Provider" version="0.0.2" provider-name="sfalkman">
	<requires>
		<import addon="xbmc.python" version="2.12.0"/>
    <import addon="plugin.video.pulsar" version="0.2"/>
	</requires>
	<extension point="xbmc.python.script" library="main.py">
		<provides>executable</provides>
	</extension>
	<extension point="xbmc.addon.metadata">
		<summary lang="en">Pulsar TankaFetast Provider</summary>
		<language></language>
		<platform>all</platform>
	</extension>
</addon>