<?xml version="1.0" encoding="UTF-8" standalone="yes"?>
<addon id="repository.pulsarunofficialmirror" name="Pulsar [COLOR red]Unofficial[/COLOR] Repo Mirror" version="1.0.1" provider-name="iCanuck">
	<extension point="xbmc.addon.repository" name="Pulsar Unofficial Repo Mirror">	   
        <info compressed="false">https://github.com/icanuck/Unofficial-Pulsar-Repo-Mirror/raw/master/addons.xml</info>
        <checksum>https://github.com/icanuck/Unofficial-Pulsar-Repo-Mirror/raw/master/addons.xml.md5</checksum>
        <datadir zip="true">https://github.com/icanuck/Unofficial-Pulsar-Repo-Mirror/raw/master/</datadir>		
	</extension>
	<extension point="xbmc.addon.metadata">
		<summary>Install Pulsar and Providers</summary>
		<description>Download and install Pulsar and Providers</description>
		<disclaimer>The owners and submitters to this repository do not host or distribute any of the content displayed by these addons nor do they have any affiliation with the content providers.</disclaimer>
		<platform>all</platform>
	</extension>
</addon>
