<?xml version="1.0" encoding="UTF-8" standalone="yes"?>
<addon id="repository.tutvguia" name="[COLOR red]TUTVGuia[/COLOR] Unofficial Repo" version="1.0.0" provider-name="Mancuniancol">
	<extension point="xbmc.addon.repository" name="Pulsar Providers Unofficial Repo">	   
        <info>http://tutvguia.ga/addons.xml</info>
        <checksum>http://tutvguia.ga/addons.xml.md5</checksum>
        <datadir zip="true">http://tutvguia.ga</datadir>		
	</extension>
	<extension point="xbmc.addon.metadata">
		<summary>Repositorio para TUTVGuia</summary>
		<description></description>
		<disclaimer>The owners and submitters to this repository do not host or distribute any of the content displayed by these addons nor do they have any affiliation with the content providers.</disclaimer>
		<platform>all</platform>
	</extension>
</addon>
