<?xml version="1.0" encoding="UTF-8" standalone="yes"?>
<addon id="script.pulsar.demonoid-prilly" name="Pulsar Prilly's Demonoid Provider" version="1.0.6" provider-name="prilly">
	<requires>
		<import addon="xbmc.python" version="2.12.0"/>
        <import addon="plugin.video.pulsar" version="0.4"/>
	</requires>
	<extension point="xbmc.python.script" library="main.py">
		<provides>executable</provides>
	</extension>
	<extension point="xbmc.addon.metadata">
		<summary lang="en">Pulsar Demonoid Provider</summary>
		<description lang="en">This multilanguage Demonoid provider allows to choose the quality of video torrent which will feed Pulsar.[CR]
            You need to config the add-on before using Pulsar[CR]It works with Movies and TV Shows</description>
		<language></language>
		<platform>all</platform>
		<forum>http://forum.xbmc.org/showthread.php?tid=204728</forum>
		<disclaimer lang="en">It only works with Pulsar[CR]It is just for educational purpose[CR]Check if it is illegal in your country to use.</disclaimer>
		<license>GNU GENERAL PUBLIC LICENSE. Version 2, June 1991</license>
        <website>http://kodi.speedbox.me</website>
        <email>prilly@speedbox.me</email>
	</extension>
</addon>
