<?xml version="1.0" encoding="UTF-8" standalone="yes"?>
<addon id="script.yts2kd" name="[COLOR FFC0392B]YTS[/COLOR]2KD" version="1.0.0" provider-name="mancuniancol">
	<requires>
		<import addon="xbmc.python" version="2.12.0"/>
		<import addon="script.module.beautifulsoup4" optional="false"/>
		<import addon="script.module.html5lib" optional="false"/>
		<import addon="script.module.requests" optional="false"/>
	</requires>
	<extension point="xbmc.python.script" library="main.py">
		<provides>executable</provides>
	</extension>
	<extension point="xbmc.service" library="service.py" start="login">
	</extension>
	<extension point="xbmc.addon.metadata">
		<summary lang="en">YTS2KD</summary>
		<description lang="en">This script creates .strm files from YTS to be play for pulsar, xbmctorrent, kmediatorrent or torrenter v2 from the local library</description>
		<language></language>
		<platform>all</platform>
		<forum>http://forum.xbmc.org/showthread.php?tid=204728</forum>
		<disclaimer lang="en">It is just for educational purpose[CR]Check if it is illegal in your country to use.</disclaimer>
		<license>GNU GENERAL PUBLIC LICENSE. Version 2, June 1991</license>
	</extension>
</addon>
