<?xml version="1.0" encoding="UTF-8" standalone="yes"?>
<addon id="plugin.video.altlatino" name="[COLOR FF5672AB]Alt-Latino[/COLOR] viewer" version="1.1.0" provider-name="mancuniancol">
	<requires>
		<import addon="xbmc.python" version="2.12.0"/>
		<import addon="script.module.mctools" optional="false"/>
	</requires>
    <extension point="xbmc.python.pluginsource" library="main.py">
        <provides>video</provides>
	</extension>
	<extension point="xbmc.addon.metadata">
		<summary lang="en">everything is latino audio</summary>
		<summary lang="es">todo en audio latino</summary>
		<description lang="en">This Add-on is a viewer for Alt-Latino</description>
		<description lang="es">Este es un Add-on es un visor para Alt-Latino</description>
		<language></language>
		<platform>all</platform>
		<forum></forum>
		<disclaimer lang="en">It is just for educational purpose[CR]Check if it is illegal in your country to use.</disclaimer>
		<license>GNU GENERAL PUBLIC LICENSE. Version 2, June 1991</license>
	</extension>
</addon>
