<?xml version="1.0" encoding="UTF-8" standalone="yes"?>
<addon id="script.pulsar.yourbittorrent-mc" name="Pulsar MC's [COLOR FF89cc48]Yourbittorrent[/COLOR] Provider" version="3.0.4"
       provider-name="mancuniancol">
    <requires>
        <import addon="xbmc.python" version="2.12.0"/>
        <import addon="plugin.video.pulsar" version="0.3.1"/>
    </requires>
    <extension point="xbmc.python.script" library="main.py">
        <provides>executable</provides>
    </extension>
    <extension point="xbmc.addon.metadata">
        <summary lang="en">Pulsar Yourbittorrent provider</summary>
        <description lang="en">This provider allows to choose the quality of video torrent which will feed Pulsar.[CR]You need to config the add-on before using Pulsar[CR]It works with Movies and some TV Shows[CR]I won't keep your upload quota, you need to use another software.
        </description>
        <language></language>
        <platform>all</platform>
        <forum>http://forum.xbmc.org/showthread.php?tid=204728</forum>
        <disclaimer lang="en">It only works with Pulsar 0.3.1![CR]It is just for educational purpose[CR]Check if it is illegal in your country to use.
        </disclaimer>
        <license>GNU GENERAL PUBLIC LICENSE. Version 2, June 1991</license>
    </extension>
</addon>
