<?xml version="1.0" encoding="UTF-8" standalone="yes"?>
<addon id="script.pulsar.eztv-platbr" name="platbr's Pulsar EZTV Provider" version="0.1.0" provider-name="platbr">
	<requires>
		<import addon="xbmc.python" version="2.12.0"/>
		<import addon="plugin.video.pulsar" version="0.2"/>
	</requires>
	<extension point="xbmc.python.script" library="main.py">
		<provides>executable</provides>
	</extension>
	<extension point="xbmc.addon.metadata">
		<summary lang="en">platbr's Pulsar EZTV Provider</summary>
		<language></language>
		<platform>all</platform>
	</extension>
</addon>
