<?xml version="1.0" encoding="UTF-8" standalone="yes"?>
<addon id="script.search.play2kd" name="[COLOR FFF35C9F]Search+Play[/COLOR]2KD" version="1.0.2" provider-name="mancuniancol">
	<requires>
		<import addon="xbmc.python" version="2.12.0"/>
	</requires>
	<extension point="xbmc.python.script" library="main.py">
		<provides>executable</provides>
	</extension>
	<extension point="xbmc.addon.metadata">
		<summary lang="en">Search+Play2KD</summary>
		<description lang="en">This provider allows to choose the quality of video torrent which will feed Pulsar, XMBCtorrent, KmediaTorrent or Torrenter V2.[CR]You need to config the add-on before using Pulsar[CR]It works with Movies and some TV Shows</description>
		<language></language>
		<platform>all</platform>
		<forum>http://forum.xbmc.org/showthread.php?tid=204728</forum>
		<disclaimer lang="en">It is just for educational purpose[CR]Check if it is illegal in your country to use.</disclaimer>
		<license>GNU GENERAL PUBLIC LICENSE. Version 2, June 1991</license>
	</extension>
</addon>
