<?xml version="1.0" encoding="UTF-8" standalone="yes"?>
<addon id="script.videoteca2kd" name="[COLOR FFC0392B]Videoteca[/COLOR]2KD - TVGUIA" version="1.0.9" provider-name="mancuniancol">
	<requires>
		<import addon="xbmc.python" version="2.12.0"/>
		<import addon="plugin.video.pelisalacarta" optional="true"/>
		<import addon="script.module.beautifulsoup4" optional="false"/>
		<import addon="script.module.html5lib" optional="false"/>
		<import addon="script.module.requests" optional="false"/>
	</requires>
	<extension point="xbmc.python.script" library="main.py">
		<provides>executable</provides>
	</extension>
	<extension point="xbmc.service" library="service.py" start="login">
	</extension>
	<extension point="xbmc.addon.metadata">
		<summary lang="en">Videoteca - TVGuia</summary>
		<description lang="en">This script creates .strm files from www.yaske.cc and seriesflv.net to be played by pelisalacarta from the local library</description>
        <description lang="sp">Este script crea archivos .strm a partir de www.yaske.cc y seriesflv.net para ser reproducidos por pelisalacarta desde la libreria local</description>
		<language></language>
		<platform>all</platform>
		<forum>http://forum.xbmc.org/showthread.php?tid=204728</forum>
		<disclaimer lang="en">It is just for educational purpose[CR]Check if it is illegal in your country to use.</disclaimer>
		<license>GNU GENERAL PUBLIC LICENSE. Version 2, June 1991</license>
	</extension>
</addon>
