<?xml version="1.0" encoding="UTF-8" standalone="yes"?>
<addon id="repository.pulsarunofficial" name="Pulsar [COLOR red]Unofficial [/COLOR]Repo" version="1.0.2" provider-name="iCanuck">
	<extension point="xbmc.addon.repository" name="Pulsar Unofficial Repo">
       <info>https://icanuckxbmcrepo.svn.cloudforge.com/pulsarunofficialrepo/trunk/addons.xml</info>
       <checksum>https://icanuckxbmcrepo.svn.cloudforge.com/pulsarunofficialrepo/trunk/addons.xml.md5</checksum>
       <datadir zip="true">https://icanuckxbmcrepo.svn.cloudforge.com/pulsarunofficialrepo/trunk/</datadir>	
	</extension>
	<extension point="xbmc.addon.metadata">
		<summary>Install Pulsar and Providers</summary>
		<description>Download and install Pulsar and Providers</description>
		<disclaimer>The owners and submitters to this repository do not host or distribute any of the content displayed by these addons nor do they have any affiliation with the content providers.</disclaimer>
		<platform>all</platform>
	</extension>
</addon>
